Entidad,Municipio,POBLACION
Morelos,Amacuzac,17598
Morelos,Atlatlahucan,25232
Morelos,Axochiapan,39174
Morelos,Ayala,89834
Morelos,Coatlán del Río,10520
Morelos,Cuautla,187118
Morelos,Cuernavaca,378476
Morelos,Emiliano Zapata,107053
Morelos,Huitzilac,24515
Morelos,Jantetelco,18402
Morelos,Jiutepec,215357
Morelos,Jojutla,57682
Morelos,Jonacatepec de Leandro Valle,16694
Morelos,Mazatepec,9653
Morelos,Miacatlán,15802
Morelos,Ocuituco,19219
Morelos,Puente de Ixtla,40018
Morelos,Temixco,122263
Morelos,Tepalcingo,28122
Morelos,Tepoztlán,54987
Morelos,Tetecala,7617
Morelos,Tetela del Volcán,14853
Morelos,Tlalnepantla,7943
Morelos,Tlaltizapán de Zapata,52399
Morelos,Tlaquiltenango,33789
Morelos,Tlayacapan,19408
Morelos,Totolapan,12750
Morelos,Xochitepec,73539
Morelos,Yautepec,105780
Morelos,Yecapixtla,56083
Morelos,Zacatepec,36094
Morelos,Zacualpan de Amilpas,9965
Morelos,Temoac,16574
Morelos,Coatetelco,11347
Morelos,Xoxocotla,27805
Morelos,Hueyapan,7855
